67bfc21f-9211-11ee-a423-cb3e8df0bdeb.jpg,['48Ss NE [']
69f0bd41-9211-11ee-afb7-cb3e8df0bdeb.jpg,"['K888', 'RED:']"
6c1e3b03-9211-11ee-8b25-cb3e8df0bdeb.jpg,['K888 RED']
6e1dd861-9211-11ee-ab5d-cb3e8df0bdeb.jpg,"['K888', 'RED']"
65451677-9398-11ee-b89b-d9fa825e74e9.jpg,['VIPER']
11ec4ba2-9399-11ee-8587-d9fa825e74e9.jpg,['XM32345']
14134802-9399-11ee-a620-d9fa825e74e9.jpg,['XM32345]']
6bd596e8-9399-11ee-87e8-d9fa825e74e9.jpg,['4']
6e066ee7-9399-11ee-9779-d9fa825e74e9.jpg,['Cu59F']
702eb0e9-9399-11ee-bbb6-d9fa825e74e9.jpg,['Ls9FH']
6d3e5082-93ae-11ee-a808-a96a50b8a6d0.jpg,['VIPER']
c62a9985-93ae-11ee-81f4-a96a50b8a6d0.jpg,['Sk6s']
c81161be-93ae-11ee-bc57-a96a50b8a6d0.jpg,['SN66 XMZ']
c9f8a5af-93ae-11ee-9d3e-a96a50b8a6d0.jpg,['SN66 XMZ']
3bc12a4c-93af-11ee-8c74-a96a50b8a6d0.jpg,[]
3de44c74-93af-11ee-8838-a96a50b8a6d0.jpg,['CI 59 VP']
3fe655f2-93af-11ee-b7e3-a96a50b8a6d0.jpg,"['CI,59 VP']"
41f2f9d7-93af-11ee-bf2b-a96a50b8a6d0.jpg,['CI 59 VP']
cfdbdc8f-93af-11ee-87e4-a96a50b8a6d0.jpg,['LR33 TEE']
d306867f-93af-11ee-abed-a96a50b8a6d0.jpg,['Lr33 TEE']
57d6eebc-93b0-11ee-b6ee-a96a50b8a6d0.jpg,"['SN66', 'XZ']"
599f3169-93b0-11ee-bf46-a96a50b8a6d0.jpg,"['SN66', 'XMZ']"
5cce466f-93b0-11ee-9cc2-a96a50b8a6d0.jpg,"['Sn66', 'XMZ']"
5f179770-93b0-11ee-9f5f-a96a50b8a6d0.jpg,"['Sn66', 'XhZ']"
e66385f4-93b0-11ee-8a9e-a96a50b8a6d0.jpg,['LR33 VEE']
ed979b9e-93b0-11ee-a7cf-a96a50b8a6d0.jpg,['Lra']
ef749977-93b0-11ee-969c-a96a50b8a6d0.jpg,"['TEE', 'LR33']"
f136ee2e-93b0-11ee-bf28-a96a50b8a6d0.jpg,['Lr33 TEE']
f38f651f-93b0-11ee-b4bf-a96a50b8a6d0.jpg,"['TEE', 'LR3']"
f5a4ef33-93b0-11ee-8f8c-a96a50b8a6d0.jpg,"['LR33', 'Jeb']"
f7767f7b-93b0-11ee-a978-a96a50b8a6d0.jpg,['R33 TEE']
10337658-93b1-11ee-990c-a96a50b8a6d0.jpg,['SN6s XHZ']
11e1462a-93b1-11ee-a513-a96a50b8a6d0.jpg,"['XMZ', 'SN66']"
13931d99-93b1-11ee-8fd4-a96a50b8a6d0.jpg,"['XMZ', 'SN66']"
15532760-93b1-11ee-b0fa-a96a50b8a6d0.jpg,"['XMZ', 'SN66']"
170d31e4-93b1-11ee-bfba-a96a50b8a6d0.jpg,"['XMZ', 'SN66']"
65f8277b-93b2-11ee-9558-a96a50b8a6d0.jpg,"['LR33', 'TEB']"
67aed027-93b2-11ee-852e-a96a50b8a6d0.jpg,"['LR33', 'TEE']"
696d24d0-93b2-11ee-ba56-a96a50b8a6d0.jpg,"['LR33', 'TEB']"
6b80e9c7-93b2-11ee-849c-a96a50b8a6d0.jpg,"['LR33', 'TEB']"
6f49f80b-93b2-11ee-a81a-a96a50b8a6d0.jpg,"['7', 'L']"
a3d494ec-93b2-11ee-a464-a96a50b8a6d0.jpg,['59 VP']
a5a19d0a-93b2-11ee-b6dc-a96a50b8a6d0.jpg,"[""CI'59 WP"", 'Males']"
a7765b9c-93b2-11ee-99a9-a96a50b8a6d0.jpg,"['559]', 'WP']"
cc51530a-93b2-11ee-a179-a96a50b8a6d0.jpg,['SN66 XMZ']
ce10fa82-93b2-11ee-9043-a96a50b8a6d0.jpg,"['XMZ', 'Sn66 ']"
cfefd2d7-93b2-11ee-95ff-a96a50b8a6d0.jpg,"['XMZ', 'Sn66']"
d2a7a745-93b2-11ee-93b1-a96a50b8a6d0.jpg,['SN6s XM']
d45771c1-93b2-11ee-8ba2-a96a50b8a6d0.jpg,['SN66 XMZ']
d5fe2691-93b2-11ee-937e-a96a50b8a6d0.jpg,['SN66 XMZ']
d7bb82dd-93b2-11ee-9f7e-a96a50b8a6d0.jpg,['SN6s XHZ']
d9673c22-93b2-11ee-8e80-a96a50b8a6d0.jpg,['SN66 XMZ']
db182ccc-93b2-11ee-971e-a96a50b8a6d0.jpg,['SN66 XMZ']
dcf05d19-93b2-11ee-b75d-a96a50b8a6d0.jpg,['SN66 XMZ']
dead8658-93b2-11ee-8c4a-a96a50b8a6d0.jpg,['SN66 XMZ']
e07c7ffa-93b2-11ee-853c-a96a50b8a6d0.jpg,['SN66 XMZ']
e2748273-93b2-11ee-8b03-a96a50b8a6d0.jpg,['SN66 XMZ']
1e0bcaa5-944a-11ee-ae2f-a96a50b8a6d0.jpg,['VIPER']
5778751d-9515-11ee-bd21-a96a50b8a6d0.jpg,['VIPER']
7dfa6568-951e-11ee-b927-a96a50b8a6d0.jpg,"['XHZ', 'SN66 -']"
81a697c8-951e-11ee-ae3e-a96a50b8a6d0.jpg,['Sn66 XhZ']
835401a6-951e-11ee-b94e-a96a50b8a6d0.jpg,['Sn66 XMZ']
850137b2-951e-11ee-b887-a96a50b8a6d0.jpg,['SNs6 XMZ']
92ddc63e-951e-11ee-929d-a96a50b8a6d0.jpg,"['TEE', 'R337']"
94910a42-951e-11ee-adde-a96a50b8a6d0.jpg,['LR33 TEE']
96536274-951e-11ee-b268-a96a50b8a6d0.jpg,['Lr33 TEE']
9811f908-951e-11ee-b90c-a96a50b8a6d0.jpg,['Lr33 TEB']
9bd5b9b5-951e-11ee-b985-a96a50b8a6d0.jpg,['J']
9fdba790-951e-11ee-8a08-a96a50b8a6d0.jpg,['LR33 TEE']
a53cd7f7-951e-11ee-b97f-a96a50b8a6d0.jpg,['Lr33 TEE']
aff02204-a72e-11ee-b30e-f2412eb45c79.jpg,['VIPER']
d27ef1bc-a72e-11ee-9ac3-f2412eb45c79.jpg,[]
d4631f6d-a72e-11ee-8f4c-f2412eb45c79.jpg,['P688CC']
d65d3e1d-a72e-11ee-a517-f2412eb45c79.jpg,['P688CC']
d822e5fa-a72e-11ee-aa86-f2412eb45c79.jpg,['P688CC']
d9f1cb84-a72e-11ee-b80f-f2412eb45c79.jpg,['P688 CC']
2e9774e2-a740-11ee-90d4-f2412eb45c79.jpg,['VIPER']
28b47264-a741-11ee-919d-f2412eb45c79.jpg,['UM']
2a799198-a741-11ee-b8cb-f2412eb45c79.jpg,['P 100 BM']
2c4e1972-a741-11ee-b8e0-f2412eb45c79.jpg,"['P', '100 RM']"
e09e4e94-a7e0-11ee-a9cb-f2412eb45c79.jpg,['VIPER']
fbfe9a9a-a7e0-11ee-95b3-f2412eb45c79.jpg,"['HzI? 5', 'HDD']"
