9216c067-a7e8-11ee-93b5-f2412eb45c79.jpg,['020556307']
98ae37c6-a7e8-11ee-9646-f2412eb45c79.jpg,[]
a7713418-a7ec-11ee-96ee-f2412eb45c79.jpg,['Sn66 XMZ']
aad6f938-a7ec-11ee-85e7-f2412eb45c79.jpg,['Sn66 XMZ']
af1f5569-a7ec-11ee-a084-f2412eb45c79.jpg,['SN66 XMZ']
b28d219a-a7ec-11ee-bdae-f2412eb45c79.jpg,['166 XMZ']
b5484e43-a7ec-11ee-acb5-f2412eb45c79.jpg,['SN66 XMZ']
b7c93259-a7ec-11ee-ae8c-f2412eb45c79.jpg,['SN66 XMZ']
eb6cbb3a-a80b-11ee-8303-f2412eb45c79.jpg,['[UN Bd 488}']
ef2a34b6-a80b-11ee-93b0-f2412eb45c79.jpg,['@NDD Z8B']
1185ad74-a80c-11ee-8090-f2412eb45c79.jpg,['SN66 XZ']
15a7d2ee-a80c-11ee-be2a-f2412eb45c79.jpg,['SN66']
2593d89a-aa20-11ee-855b-c97bf27629db.jpg,[]
4a740457-aa20-11ee-8df7-c97bf27629db.jpg,[]
50dfa924-aa20-11ee-ac67-c97bf27629db.jpg,[]
31b13a20-aa25-11ee-a8df-c97bf27629db.jpg,['SNGsXHZ']
34612d9f-aa25-11ee-9b95-c97bf27629db.jpg,['SN66 XMZ']
3741031c-aa25-11ee-8918-c97bf27629db.jpg,['SN66 XMZ']
